month,total_commits,logs_added,logs_removed,logs_modified,net_change
2011-03,5,0,0,0,0
2011-04,4,0,0,0,0
2011-05,2,0,0,0,0
2011-06,3,0,0,0,0
2011-07,3,0,0,0,0
2011-08,3,0,0,0,0
2011-09,2,0,0,0,0
2011-10,2,0,0,0,0
2011-11,1,0,0,0,0
2012-01,1,0,0,0,0
2012-02,1,0,0,0,0
2012-04,1,0,0,0,0
2012-05,8,0,0,0,0
2012-06,3,0,0,0,0
2012-07,2,7,0,0,7
2012-08,31,0,0,0,0
2012-09,13,0,0,0,0
2012-10,30,3,0,0,3
2012-11,35,0,0,0,0
2012-12,14,3,0,0,3
2013-01,11,0,0,0,0
2013-02,15,4,0,1,4
2013-03,28,5,0,0,5
2013-04,15,0,0,0,0
2013-05,17,0,0,0,0
2013-06,22,0,0,0,0
2013-07,14,0,0,0,0
2013-08,36,0,0,7,0
2013-09,15,0,0,0,0
2013-10,35,0,13,0,-13
2013-11,35,0,0,0,0
2013-12,33,1,1,6,0
2014-01,56,6,0,0,6
2014-02,54,2,3,0,-1
2014-03,75,2,2,0,0
2014-04,62,1,0,2,1
2014-05,32,0,0,0,0
2014-06,26,0,0,0,0
2014-07,29,0,0,0,0
2014-08,39,0,0,0,0
2014-09,48,1,0,0,1
2014-10,55,0,0,0,0
2014-11,41,0,0,0,0
2014-12,15,0,0,0,0
2015-01,26,2,0,0,2
2015-02,34,2,0,1,2
2015-03,40,11,0,0,11
2015-04,17,0,1,0,-1
2015-05,26,0,0,0,0
2015-06,37,0,0,0,0
2015-07,53,0,0,3,0
2015-08,37,0,0,0,0
2015-09,41,0,0,0,0
2015-10,40,0,0,0,0
2015-11,21,0,0,0,0
2015-12,21,0,0,0,0
2016-01,18,1,0,0,1
2016-02,25,2,2,2,0
2016-03,24,0,0,0,0
2016-04,29,0,0,0,0
2016-05,17,0,0,1,0
2016-06,30,3,0,0,3
2016-07,23,49,0,0,49
2016-08,22,0,0,0,0
2016-09,21,0,0,0,0
2016-10,23,0,0,0,0
2016-11,19,0,0,0,0
2016-12,24,0,0,0,0
2017-01,20,0,0,0,0
2017-02,12,0,0,0,0
2017-03,28,485,0,1,485
2017-04,31,1,10,88,-9
2017-05,35,4,6,6,-2
2017-06,28,9,0,1,9
2017-07,29,73,33,2,40
2017-08,41,39,2,20,37
2017-09,16,2,0,2,2
2017-10,35,17,18,18,-1
2017-11,21,7,4,45,3
2017-12,25,4,2,21,2
2018-01,24,42,5,7,37
2018-02,20,20,4,5,16
2018-03,25,11,8,18,3
2018-04,38,10,5,34,5
2018-05,21,4,0,7,4
2018-06,26,11,0,5,11
2018-07,19,15,2,3,13
2018-08,35,5,8,5,-3
2018-09,14,9,0,1,9
2018-10,33,11,0,9,11
2018-11,26,10,3,25,7
2018-12,9,1,0,2,1
2019-01,34,11,2,10,9
2019-02,22,13,2,17,11
2019-03,24,4,1,5,3
2019-04,27,19,0,17,19
2019-05,30,11,6,3,5
2019-06,36,12,0,6,12
2019-07,36,26,1,1,25
2019-08,26,3,0,1,3
2019-09,22,4,3,11,1
2019-10,24,13,0,1,13
2019-11,15,8,4,9,4
2019-12,34,6,0,12,6
2020-01,21,5,10,0,-5
2020-02,19,3,0,15,3
2020-03,26,6,0,4,6
2020-04,31,2,0,2,2
2020-05,22,4,0,0,4
2020-06,37,14,0,14,14
2020-07,17,5,0,7,5
2020-08,19,10,1,1,9
2020-09,29,9,7,12,2
2020-10,32,14,0,13,14
2020-11,23,7,0,0,7
2020-12,27,2,6,5,-4
2021-01,20,1,0,6,1
2021-02,18,4,0,0,4
2021-03,33,9,2,4,7
2021-04,30,1,2,30,-1
2021-05,19,5,0,2,5
2021-06,24,0,2,1,-2
2021-07,36,11,0,4,11
2021-08,26,9,0,12,9
2021-09,23,5,0,7,5
2021-10,17,6,2,7,4
2021-11,18,5,0,0,5
2021-12,19,0,1,1,-1
2022-01,25,4,81,2,-77
2022-02,24,7,2,13,5
2022-03,45,6,3,9,3
2022-04,24,4,0,3,4
2022-05,33,12,0,5,12
2022-06,35,9,2,10,7
2022-07,29,13,0,11,13
2022-08,29,2,1,4,1
2022-09,18,0,0,3,0
2022-10,41,8,0,11,8
2022-11,14,6,0,11,6
2022-12,8,4,1,2,3
2023-01,13,0,0,0,0
2023-02,7,0,0,1,0
2023-03,9,3,0,0,3
2023-04,9,1,0,1,1
2023-05,13,3,0,2,3
2023-06,12,0,0,4,0
2023-07,9,6,0,0,6
2023-08,24,5,1,3,4
2023-09,18,15,0,1,15
2023-10,26,4,0,3,4
2023-11,15,0,1,2,-1
2023-12,13,3,0,2,3
2024-01,27,3,2,3,1
2024-02,17,6,4,1,2
2024-03,22,2,0,1,2
2024-04,16,11,1,1,10
2024-05,34,9,0,6,9
2024-06,21,3,2,3,1
2024-07,9,0,0,1,0
2024-08,18,10,0,2,10
2024-09,9,5,0,5,5
2024-10,14,2,0,2,2
2024-11,16,2,0,1,2
2024-12,9,1,0,93,1
2025-01,17,8,10,5,-2
2025-02,7,2,0,0,2
2025-03,15,8,2,4,6
2025-04,13,6,2,2,4
2025-05,13,12,0,7,12
2025-06,16,6,3,12,3
2025-07,14,5,1,1,4
2025-08,13,1,1,3,0
2025-09,30,32,2,4,30
2025-10,18,21,0,1,21
2025-11,12,11,0,8,11
2025-12,6,2,0,2,2
2026-01,18,7,14,6,-7
2026-02,27,6,3,5,3
2026-03,10,9,0,0,9
